{"cameraMode":{"drawMode":0,"name":"Shaded","section":"Shading Mode"},"sceneLighting":true,"audioPlay":false,"sceneViewState":{"showFog":false,"showMaterialUpdate":false,"showSkybox":false,"showFlares":false,"showImageEffects":false,"showParticleSystems":false},"in2DMode":false,"pivot":{"x":133.01690673828126,"y":162.0701904296875,"z":-126.56594848632813},"rotation":{"x":0.209464892745018,"y":0.5121428370475769,"z":-0.13039155304431916,"w":0.822698175907135},"size":1294.0924072265625,"orthographic":false}