{"cameraMode":{"drawMode":0,"name":"Shaded","section":"Shading Mode"},"sceneLighting":true,"audioPlay":false,"sceneViewState":{"showFog":false,"showMaterialUpdate":false,"showSkybox":false,"showFlares":false,"showImageEffects":false,"showParticleSystems":false},"in2DMode":false,"pivot":{"x":22.507232666015626,"y":-73.02297973632813,"z":201.21302795410157},"rotation":{"x":-0.14058037102222444,"y":0.696764349937439,"z":-0.1421908587217331,"w":-0.6888673901557922},"size":304.8641662597656,"orthographic":false}